,edit_history_tweet_ids,id,text
0,[1596177515877629952],1596177515877629952,"Netherlands vs Ecuador || world Cup

#ÙƒÙØ§Ø³_Ø§Ù„Ø¹Ø§Ù„ÙŒÙ…_FIFA

Live STREAMING HD:

Links is free from any annoying ads

ğŸ“ºLINK: Mobile/PC â»https://t.co/q1eSU7l2ZX

ğŸ“ºLINK: youtube â» https://t.co/hDCllcdu4X

#ÙƒØ£Ø³_Ø§Ù„Ø¹Ø§Ù„Ù…_Ù‚Ø·Ø±2022 
444etv"
1,[1596177515390947328],1596177515390947328,"RT @KentPage: #EndViolence Against Girls and Women. 

Please retweet if you agree w/this #FridayFeeling &amp; that #EducationCannotWait for anyâ€¦"
2,[1596177514720030720],1596177514720030720,RT @FPLFledgling: Qatar players after hearing that was the final match of their lives https://t.co/OdE4Ah7SPp
3,[1596177514615177221],1596177514615177221,RT @MahyarTousi: Tyranny in Qatar #IranRevolution
4,[1596177514564845568],1596177514564845568,"Las autoridades de Qatar vetan de los estadios a los fans ingleses que se visten de cruzados

ğŸ”— Leer mÃ¡s: https://t.co/LFBb5q9Lr4 https://t.co/OE3JQlLOB9"
5,[1596177514543697925],1596177514543697925,En este instante sonando #Vallenato : Video Oficial by Por Querer Olvidarte Nelson Velasquez (Escuchanos aquiğŸ‘‡) #LeandroDiaz #Qatar https://t.co/kwqcd6vhGG
6,[1596177512434143232],1596177512434143232,"#Dreamers2022 #FIFAWorldCup | #QatarWorldCup2022 |  #Netherlands ğŸ‡³ğŸ‡± vs #Ecuador ğŸ‡ªğŸ‡¨
#Qatar2022

ğŸ“ºLive Stream

ğŸ”´ Netherlands vs Ecuador

ğŸ¥LIVE LINKğŸ‘‰ 1 https://t.co/F9heECHQpE

ğŸ¥LIVE LINKğŸ‘‰ 2 https://t.co/bXUo8k9CSN

ğŸ¥LIVE LINKğŸ‘‰ 3 https://t.co/PsxUZRCDLl

nafas"
7,[1596177512312504323],1596177512312504323,RT @ESPNFC: Qatar are the first host nation to lose multiple group stage games in a single World Cup ğŸ˜³ https://t.co/DGCiRobl7s
8,[1596177511809159168],1596177511809159168,"Ecuador vs Netherlands FIFA World Cup 2022 Qatar Full Match Live Stream
ğŸ›‘LIVEğŸ“ºğŸ‘‰https://t.co/So6fU57W6D
ğŸ›‘LIVEğŸ“ºğŸ‘‰https://t.co/So6fU57W6D

#Ecuadorfc #Netherlandsfc 
#fifaworldcup2022 #live #livestream #FIFA 2022 #FIFAWorldcup2022 #FIFAWorldcup  gsfg

trd"
9,[1596177511536562176],1596177511536562176,"FIFA World Cup Qatar 2022 ğŸ†

ğŸ“ºNetherlands vs EcuadorğŸ¥Live Stream

ğŸ”´Live Link â–¶ï¸ https://t.co/EEwETzi2nr
ğŸ”´Live Linkâ–¶ï¸ https://t.co/EEwETzi2nr

#Netherlands | #Ecuador #FIFAWorldCup #FIFAWorldCupQatar2022 #NetherlandsEcuador
dafdasf"
